Producto,Precio
Advil Gripa Multisíntomas Caja Con 10 Cápsulas Líquidas,12920
Batén 150 mg Caja Con 2 Cápsulas,90405
Cetaphil Espuma Limpiadora Piel Grasa Frasco Con 236 mL,69188
Cicatricure Gel Hidratante Cicatrices y Estrías Tubo Con 60 g,47200
Cicatricure Gel Cicatrices y Estrías Caja Con Tubo Con 30 g,37520
Cicatricure Crema Facial Antiarrugas Tubo Con 60 g,51040
Cremoquinona En Crema 4% Caja Con Tubo Con 30 g,26520
Daflon 500 mg Caja Con 30 Comprimidos Recubiertos,94860
Daflon 500 mg Caja Con 60 Comprimidos Recubiertos,159360
Emclarex Despigmentante En Crema Caja Con Tubo Con 30 g,107313
Emclarex En Gel Caja Con Tubo Con 30 g,107823
Enterogermina Suspensión Oral Caja Con 10 Frascos De 5 mL,55080
Humylub Ofteno Solución Oftálmica 0.18/ 0.1 % Caja Con Frasco Con 15 mL,39480
Lagrimas Artificiales Solución Oftálmica Caja Con Frasco Con 15 mL,27285
Neuro 15 Fósforo Nf Caja Con 20 Cápsulas,83174
Noxpirin Caja Con 6 Cápsulas – Síntomas De La Gripa,6248
Pelzinc Shampoo Caja Con Frasco Con 120 mL,65963
Gamabenceno Plus Champú 1 % Caja Con Frasco Con 60 mL,24040
Nexcare Gasa Estéril 15 x 15 cm Caja Con 12 Sobres Con 2 Unidades C/U,8440
Giralmet 2000 UI Sabor A Chicle Frasco Con 100 Tabletas Masticables,61950
Glucophage 500 mg Caja Con 30 Tabletas Lacadas,56000
Glucophage 850 mg Caja Con 30 Tabletas Lacadas,68440
Glucophage XR 500 mg Caja Con 30 Tabletas De Liberación Prolongada,57480
Acerumen Higiene Del Oído Caja Con Spray Con 40 mL,50873
Batén Polvo Para Reconstituir 50 mg / 5 mL Caja Con Frasco Con 20 mL,91575
Glucophage XR 750 g Caja Con 30 Tabletas De Liberación Prolongada,94000
Tiroxín 50 mcg Caja Con 50 Tabletas,24480
Tiroxín 100 mcg Caja Con 50 Tabletas,35840
Espasmobil Caja Con 10 Sobres Con 4 Grageas,48825
Eutirox 25 mcg Caja Con 50 Tabletas,33720
Dermovit C Crema Caja Con Tubo Con 60 g,86775
Emblicare Plus Crema Caja Con Tubo Con 30 g,116663
Micropore Nexcare Color Piel Rollo Con 48 mm X 5 m,20520
Necroxil 500 mg Caja Con 10 Tabletas,55002
Noxpirin Sinus Caja Con 12 Tabletas Recubiertas,10530
Opticlude Parche Ocular Nexcare 8.3 cm x 5.3 cm Caja Con 20 Unidades Grandes - Adultos,29120
Primax Crema Caja Con Tubo Con 20 g,44285
Adorem Jarabe 150 mg / 5 mL Caja Con Frasco Con 120 mL,9170
"Alcohol Polivinílico 1,4 % Solución Oftálmica Caja Con Frasco Con 15 mL",15300
Antisudoral All Over Spray Con 120 mL,30880
Batén 200 mg Caja Con 5 Cápsulas,226440
Batén S 75 / 1000 mg Caja Con 4 Tabletas Recubiertas,82845
Cetaphil Loción Humectante Piel Sensible Frasco Con 473 mL,111600
Protector Solar Cetaphil Sun Kids FPS 50+ Frasco Con 150 mL,93563
Protector Solar Gel Cetaphil Sun SPF 50 Tubo Con 100 mL,88575
Cetaphil AC Dermacontrol Loción Piel Grasa Frasco Con 118 mL,102638
Cetaphil Emulsión Hidratante Piel Normal A Seca Frasco Con 473 mL,83513
Cetaphil Hidratante Facial Diario FPS 50 Tubo Con 50 mL,75188
Jabón Dermolimpiador Cetaphil Caja Con Barra Con 127 g,33603
Cetaphil Loción Limpiadora Facial Piel Normal A Seca Frasco Con 237 mL,62925
Cetaphil Restoraderm Loción Frasco Con 295 mL,87225
Jabón Cetaphil AD Restoraderm Piel Seca Frasco Con 295 mL,81750
Cetaphil Toallas Húmedas Faciales Piel Sensible Empaque Con 25 Unidades,24410
Crema Cicaderm NF Caja Con Tubo Con 60 g,37360
Pond's C Frasco Con 100 g - Crema De Limpieza,16590
Crema Facial Pond´s Rejuveness Pote Con 100 g,27320
Crema Líquida Johnson Baby Original Con 400 mL,19210
Nexcare Curas Flexibles Empaque Con 10 Unidades,2560
Curas Comfort Nexcare Caja Con 100 Unidades,21760
Nexcare Curas Flexibles Caja Con 20 Unidades,5840
Nexcare Curas Impermeables Caja Con 5 Unidades,5520
Nexcare Curas Impermeables Caja Con 20 Unidades,5880
CureBand Venditas Standard Caja Con 30 Unidades,3465
Enjuague Bucal Listerine Cool Mint Frasco Con 500 mL,14110
Listerine Solución Enjuague Bucal Frasco Con 500 mL,18998
Eutirox 112 mcg Caja Con 50 Tabletas,52640
Eutirox 137 mcg Caja Con 50 Tabletas,66480
Eutirox 175 mcg Caja Con 50 Tabletas,76600
Eutirox 200 mcg Caja Con 50 Tabletas,85160
Eutirox 88 mcg Caja 50 Tabletas,44200
Floratil 250 mg Caja Con 10 Cápsulas,56185
Frex Clean T Caja Con Frasco Con 80 mL Y 100 Gasas,86200
"Gentamicina 0,3% Caja Con Frasco Con 10 mL",11390
Glucophage 1000 mg Caja Con 30 Tabletas Recubiertas,69360
Glucophage XR 1000 mg Caja Con 30 Tabletas De Liberación,96240
Hidraplus 75 Suero Oral Sabor A Uva Frasco Con 400 mL,7425
KidCal Suspensión Caja Con Frasco Con 180 mL - Sabor A Fresa,61920
KID CAL Suspensión 7.5 / 300 mg / 100 UI/5 mL Caja Con Frasco Con 180 mL Sabor A Tuti Frutti,62320
Krytantek Ofteno Solución Frasco Gotero Con 5 mL,85475
Libelle 0.75 mg Caja Con 2 Tabletas Recubiertas,15360
Micropore Nexcare Caja Con Dispensador x 3 Metros Color Piel,9040
Neo Fungina Talco Frasco Con 100 g,20025
Neo Fungina Talco Frasco Con 40 g,9765
Noxpirin-F Junior Jarabe Caja Con Frasco Con 60 mL - Sabor A Fresa,9040
Noxpirin Plus Alivio 12 Horas Caja Con 12 Cápsulas,9480
Nuevid 7000 UI Caja Con 4 Tabletas Recubiertas,25125
Nuevi D 7000 UI Caja Con 12 Tabletas Recubiertas,66113
Tarrito Rojo Sabor Fresa Frasco Con 380 g,13880
Oftalmotrisol Frasco Gotero Con 15 mL Solución Oftálmica,15563
Nexcare Opticlude Parche Ocular Junior Caja Con 20 Unidades,27520
Orlistat 120 mg Colmed Caja Con 30 Cápsulas Blandas,92395
Progress Gold Etapa 3 Tarro Con 900 g,61725
Quanox Gotas 0.6 % Caja Con Frasco Con 5 mL,18330
S-26 Mamá Vainila Tarro Con 400 g,45038
Siligás Caja Con Frasco x 30 mL Sabor A Cereza,22962
Sol-Or En Emulsion Caja Con Spray Con 120 g Protector Solar,89880
Stamyl Caja Con 20 Grageas,47440
Soyl Syndet Sustituto Del Jabón Caja Con Frasco Con 500 g,52380
Tarrito Rojo Frasco Sabor Fresa Con 135 g,6800
Nexcare Tegaderm Apósito Protector Transparente Caja Con 5 Unidades Con 10 c x 12 cm,20480
Tiroxín 88 mcg Caja Con 50 Tabletas,40840
Toptear P Solución Oftálmica 0.2 % Caja Con Frasco Con 10 mL,42920
Toptear Solución Oftálmica Caja Con Frasco Con 10 mL,40400
Nexcare Transpore Empaque Con 1 Rollo - Cinta Adhesiva,12440
Umquan Solución Gotas Caja Con Frasco Con 20 mL,39160
Nexcare Venda Elástica Empaque Con 1 Rollo - Autoadherente,14640
Vita C Sabor A Naranja 500 g Caja Con 100 Tabletas Masticables,41130
Vitamina C 500 mg Caja Con 10 Tiras De 10 Tabletas Masticables - Chicle,37720
Vitamina C 500 mg Sabor A Mandarina Con 10 Tiras De 10 Tabletas Masticables,39520
Vitamina C Sabor Naranja Caja Con 10 Tiras De 10 Tabletas,39720
Vitamina C 500 mg Caja Con 100 Tabletas Masticables,37720
Cinta Quirurgica Nexcare Piel 24 mm Empaque Con Unidad,14600
Quanox 0.1% Loción Tópica Frasco Con 60 mL,23070
Noxpirin-F Jarabe Pediátrico Caja Con Frasco Con 120 mL - Fresa,12160
Umquan Sol 800 Mg Caja Con Frasco Con 50 mL,59760
Bion 3 Multivitamínico Caja Con 60 Tabletas Recubiertas,46280
Nexcare Gasa Estéril Empaque Con Caja Con 24 Unidades – Gratis Curitas,7880
Benzac AC En Gel 5 % Caja Con Tubo Con 60 g,67200
Benzac AC En Gel 10 % Caja Con Tubo Con 60 g,70320
"Oftaflox 0,1-0,35% Frasco Con 5 mL",23760
"Oftaflox 0,1-0,35%-1000 Caja Con Frasco Con 5 mL",24520
Broncochem F Adultos Jarabe Caja Con Frasco Con 120 mL,22360
Broncochem F Niños Jarabe Pediatrico Frasco Con 120 mL,18680
Vick VapoRub Ungüento Caja Con Frasco Con 50 g,12760
Desonida Siegfried 0.05% Caja Con Tubo Con 15g,11480
"Desonida Siegfried 0,1 % Caja Con Tubo Con 15g",10745
Giralmet 2000 UI Frasco Con 30 Tabletas Masticables,24325
Giralmet 1000 UI Sabor A Chicle Frasco Con 30 Tabletas Masticables,19915
Micropore Cinta Quirúrjica Empaque Con Unidad + Obsequio,14520
Giralmet 1000 UI Sabor Chicle Frasco Con 100 Tabletas Masticables,57925
Blephagel Duo En Gel Caja Con Tubo Con 40 g + 100 Pads,62093
Cetaphil Loción Limpiadora Piel Sensible Frasco Con 473 mL,72338
Cetaphil Loción Ultra Humectante Piel Sensible Tubo Con 226 g,85088
Cetaphil Crema Hidratante Piel Muy Seca Frasco Con 453 g,85613
Sol-Or Broad Spectrum SPF 50+ Frasco Con 177 mL,56720
Cetaphil Limpiador Líquido Piel Grasa Frasco Con 237 mL,62100
Dolorsin Fem Pague 3 Lleve 4 Caja Con 4 Cápsulas,5080
Cremoquinona Día Caja Con Tubo Con 30 g,35403
Cicatricure Beauty Care Caja Con Tubo Con 40 g,30840
Tiroxin 25 mcg Caja Con 50 Tabletas,25160
X-Ray Dol Caja Con 12 Tabletas,13760
Neutrogena Hidratante Hydro Boost Water Gel Caja Con Tarro Con 50 g,42560
Gel Contorno De Ojos Neutrogena Hydro Boost Tubo 15 g,40880
Sol – Or Protector Solar SPF 50 Caja Con Frasco Con 60 g – Piel Sensible,83200
Protector Solar Sol-Or Ultra Luminante SPF 50 Tubo Con 60 g,63800
Protector Solar Sol-Or Kids Sensitive SPF 50 Tubo Con 100 g,55320
Protector Solar Sol-Or Kids Sensitive SPF 50 Frasco Con 60 g,44680
Nexcare Cinta Quirúrgica Micropore Empaque Con 1 Rollo Con 24 mm x 5 m,12320
Nexcare Cinta Quirúrgica Micropore Empaque Con 1 Rollo Con 48 mm x 5 m,16400
Hidrolágeno Colágeno Hidrolizado con 30 sobres,66720
Protector Solar Solor Repair Gel SPF 50 Frasco Con 100 g,60080
Sol Or Gel Protector Solar SPF 40 Caja Con Frasco Con 60 g - Piel Mixta,53000
Teatrical Crema Facial Humectante Pote Con 100 g,8000
Teatrical Crema Facial Aclarante Pote Con 100 g,15440
Lidclean Espuma Limpiadora Caja Con Frasco Con 50 mL,70440
Nexcare Bolsa Frío / Calor Caja Con 1 Bolsa Gel Con 27 cm x 11 cm,20880
Crema Facial Cetaphil Noche Pote Con 48 g,87638
Cetaphil Loción Facial Hidratante Día Frasco Con 88 mL,103125
Lasonil Active 0.3 /1/ 5 % Caja Con Tubo Con 30 g,41013
Krytantek PF Ofteno 2 / 0.5 / 0.2 % Caja Con Frasco Gotero Con 5 mL,86500
Drenabyl Jarabe Caja Con Frasco Con 120 mL,27498
Isticol 5 mg /10 mL Frasco Con 120 mL,4185
Dulcolax Bisacolido Caja Con 20 Grageas,18960
Acecnou 3 Caja Con 1 Sobre Granulado,37238
Cicatricure Contorno De Ojos Caja Con Tarro Con 15 g,44680
Dexlansoprazol 30 mg Caja Con 30 Cápsulas Con Microgránulos Gastrorresistentes De Liberación Dual,147880
Cetopic Crema Caja Con Frasco Con 50 g,108560
Umbrella Base Compacta Caja Con Estuche Con 11 g - Color Beige,50025
Umbrella Base Compacta Caja Con Estuche Con 11 g – Color Miel,49900
Umbrella Base Compacta Caja Con Estuche Con 11 g – Color Durazno,50050
Dexlansoprazol 60 mg Caja Con 30 Cápsulas Con Microgránulos Gastrorresistentes De Liberación Dual,175040
Hidratante Neutrogena Hydro Boost Water Gel FPS 25 Con 55 gr,41400
Espidifen 400 mg Caja Con 96 Tabletas,10440
Repaskin Fotoprotector SPF 50 Caja Con Tubo Con 50 mL,98558
Naproflash 250 mg Caja Con 4 Cápsulas,6570
Crema Aclarante Pond's Clarant B3 Frasco Con 100 g,28260
Ponds Age Miracle Noche Caja Con Frasco Con 50 g,60480
Ponds Age Miracle Día Caja Con Frasco Con 50 g,53920
Pond's Age Miracle Contorno Ojos Caja Con Frasco Con 15 mL,52680
Flebodia 600 mg Caja Con 30 Comprimidos Recubiertos,190680
Teatrical Células Madre Antiarrugas Pote Con 100 g,18960
Cinta Quirurgica Nexcare Piel 48 Mm X 5m Gratis 1 Metro Empaque Con 1 Unidad,18400
Luteina Frasco Con 30 Cápsulas,26480
"Omega 3,6,9 Frasco Con 30 Cápsulas",21040
Clotrimazol 2 % Crema Vaginal Tubo Con 20 g Y 3 Aplicadores,27900
Noxpirín Noche Sabor Panela Limón Sobre Con 10 gr,9960
Noxpirin Jugo Día Empaque Con 15 g,9920
Crema Día Cicatricure Anti Manchas Caja Con Tubo Con 50 g,49360
Nistatina 100.000 UI/ mL Suspensión Frasco Con 60 mL,7948
Esomeprazol 40 mg Caja Con 30 Tabletas Cubiertas,76545
Orlistat 120 mg Caja Con 60 Cápsulas Blandas,106590
Esomeprazol 20 mg Caja Con 30 Tabletas Con Cubierta Entérica,65520
Shampoo Johnson Baby Original X 200 mL,10923
Jabón Neutrogena Original Con 99 g,12720
Vitalwell 250 mg Caja Con 30 Cápsulas,51660
Cicatricure Crema Acqua Defense Frasco Con50 g,25800
Gel Protector Solar Cetaphil Sun Ultra Matte FPS 50 Tubo Con 50 mL,64500
Protector Solar Cetaphil Sun Ultra Matte Color Tubo Con 50 mL,66150
Perspirex Comfort Antitranspirante Frasco Con 20 mL,47000
Antitranspirante Perspirex Strong Caja Con Frasco 20 mL,47880
Pond's Rejeveness Crema Contra Arrugas Frasco Con 200 g,42920
Crema Antimanchas Pond's Flawless Radiance SPF 30 Caja Con Pote Con 50 mL,51680
Crema Pond's Age Miracle Día SPF 30 Frasco Con 50 mL,62720
Pond's BB Cream Flawless Radiance Beige SPF 30 Tubo Con 25 g,36320
Agua Micelar Garnier Skin Active Frasco Con 400 mL,18375
Pond's Flawless Radiance Espuma Facial Tubo Con 100 g,25200
Agua Micelar Pond's C Original Frasco Con 300 mL,14880
Crema Facial Pond's Clarant B3 FPS 30 Tubo Con 100 g,18280
Pond´s Crema S Facial FPS 30 Tubo Con 100 g,12005
Agua Micelar Pond's By Yuya Frasco Con 300 mL,14800
L'oréal Crema Antiarrugas Hidra Total 45+ Pote Con 50 mL,19215
Mascarilla Negra En Tela Pure Carbón Garnier Skin Active Caja Con 1 Sobre 28 g,6825
L'Oréal Hidra Total 5 Experto Anti-Arrugas Caja Con Pote Con 50 mL - Con Calcio,18200
Crema Revitalift Ácido Hialurónico Dia Caja Con Pote Con 50 mL,35910
Crema Ojos Revitalift L'oreal Tubo Con 15 mL,34335
Mascarilla Hidratante Garnier SkinActive Té Verde Empaque Con 1 Unidad Con 28 g,7315
Curas Adhesivas Delicadas Para Niños Caja Con 20 Unidades,4560
Micropore Cinta Quirúrgica 3M Empaque Con 1 Unidad,7560
Oferta Tapabocas Desechable Nexcare Empaque Con 12 Unidades,6807
Entresto 100 mg Caja Con 60 Comprimidos Recubiertos,267560
Entresto 200 mg Caja Con 60 Comprimidos Recubiertos,268040
Eutirox 100 mcg Caja Con 50 Tabletas,47880
Eutirox 75 mcg Caja Con 50 Tabletas,41760
Eutirox 150 mcg Caja Con 50 Tabletas,72680
Crema Día Anti-arrugas + Firmeza Revitalift Frasco Con 50 mL,36400
Cicatricure Crema Gold Lift Día Caja Con Frasco 50 g,65200
Eutirox 50 mcg Caja Con 50 Tabletas,36240
Jabón Cetaphil Limpieza Profunda Caja Con Barra Con 127 g,32978
Teatrical Células Madre Antiarrugas Pote Con 200 g,28840
Teatrical Crema Facial Humectante Pote Con 200 g,12680
Crema Lubriderm® Reparación Intensiva Frasco Con 400 mL,28433
Eutirox 125 mcg Oral Caja Con 50 Tabletas,62840
Crema Cicatricure Gold Lift Noche Caja Con Frasco Con 50 g,67320
Jabon Cicaderm Barra Limpiadora Antibacterial Caja Con 100 g,25749
Benzac Ac Wash 5% Gel Caja Con Frasco Con 100 g,35120
Vicitra 500 Mg Caja Con 30 Cápsulas,25380
Crema Lubriderm® Extra Humectante Frasco Con 400 mL,23928
Crema Lubriderm® Reparación Intensiva Frasco Con 750 mL,36678
Loción Escolar Capilar Árbol De Té Anian Hair Care Frasco Con 250 mL,8760
Champú Escolar Anian Hair Care Con Aceite Árbol De Té Frasco Con 400 mL,8220
Brace De Muñeca Advance Negro Caja Con 1 Unidad,33705
Tobillera Advance Negro Caja Con 1 Unidad,36450
Cabestrillo Advance Negro Caja Con 1 Unidad,21240
Serum Despigmentante Azelac Ru Frasco Con 30 mL,161585
Compresa Multiusos Advance 8 x 8 cm Caja Con 1 Unidad,21960
Compresa Ortopédica Multiusos Con Funda Advance Caja Con 1 Unidad,29250
Lubriderm Crema Extra Humectante Piel Normal Frasco Con 750 mL,31365
Compresa Ortopédica De Cuello Advance Caja Con 1 Unidad,39870
Compresa Espalda Abdomen Advance Caja Con 1 Unidad,32085
Tiroxín 62 mcg Caja Con 50 Tabletas,27760
Corrector De Postura Advance Negro Caja Con 1 Unidad,43965
Champú Sedal Keratina Con Antioxidante Frasco Con 340 mL,10470
Muñequera Negra Advance Caja Con 1 Unidad,22455
Cabestrillo Pediátrico Advance Caja Con 1 Unidad,21240
Shampoo Sedal Rizos Definidos Frasco Con 340 mL,10410
Rodillera Negra Advance Caja Con 1 Unidad,43065
Nutren Senior Líquido Sabor Chocolate Frasco Con 200 mL,5363
Nutren Senior Sin Sabor Tarro Con 740 g,82200
Nutren Senior Líquido Sabor Mix De Frutas Frasco Con 200 mL,6525
Nutren Senior Sabor Vainilla Tarro Con 370 g,42188
Cicatricure Sérum Anti Manchas Tubo Con 3.4 g,15920
Crema Saforelle Apaisante Emulsión Tubo Con 50 mL,54280
Saforelle Gel Limpiador Ultra Hidratante Frasco Con 100 mL,59200
Jabón Saforelle Caja Con Barra Con 100 g,28988
Bioflor Polvo Para Solución Oral Caja Con 10 Sobres,61320
Crema Corporal Neutrogena Hydro Boost Con 200 mL,18600
Moringa Mezclada Natural´s Pharmalight Frasco Con 30 Cápsulas,16880
Jaydess Caja Con 1 Endoceptor Y 1 Endoceptivo,431359
Mirena 20 mg / 24 h Caja Con 1 Endoceptivo Estéril Y 1 Endoceptor Estéril,393840
Protector Solar Repaskin Fluido Invisible SPF 50 Tubo Con 50 mL,98388
Limpiador Sensyses Cleanser Classic Frasco Con 200 mL,58268
Limpiador Desmquillante Sensyses Cleanser Frasco Con 200 mL,59033
Contorno De Ojos Sesvitamin C Tubo Con 15 mL,96730
Serum Liposomado Sesvitamicin C Frasco Con 30 mL,161075
Mascarilla Beautytreats Arcilla Verde Con 1 Sobre,22865
Mascarilla Beautytreats Rosa Mosqueta Sobre Con 25 mL,22865
Fotoprotector Respakin Tacto Seda Color Tubo Con 50 mL,99238
Crema Facial Sesvitamin C Hidratante Frasco Con 50 mL,153935
Protector Solar Umbrella Sport Active Frasco Con 170 g,90488
Tapabocas Desechable Nexcare Caja Con 50 Unidades,45200
Tapabocas Desechable Nexcare Empaque Con 12 Unidades,11160
Super Magnesium 400 mg Frasco Con 100 Cápsulas Blandas,49680
Vitamin D3 2000 UI Plus Caja Con 100 Cápsulas Blandas,31545
Protector Solar Umbrella Sport Active Frasco Con 50 g,72300
Contorno De Ojos Reti- Age Caja Con Tubo Con 15 mL,112625
Sensodyne Sensibilidad Y Encías Tubo Con 100 g,21440
Minoxidil Forte 5% Caja Con Frasco Con 100 mL,41400
Tarrito Rojo Free Sabor Fresa Tarro Con 240 g,13360
Sesderma Sesvitamin C Fluido Luminoso Frasco Con 50 mL,168598
Neutrogena Hydro Boost Para Manos Tubo Con 85 g,16520
Serum Hidratante Neutrogena Hydro Boost Frasco Con 30 mL,45080
Limpiador Facial Pond's Vitamin Agua De Rosas Con 300 mL,16600
Ponds Age Miracle Ácido Hialurónico Dia Frasco Con 50 g,39600
Agua Micelar Pond's Aloe Vera Frasco Con 300 mL,16600
Agua Micelar Pond's Detox Carbón Y Té Verde Con 330 mL,15563
Limpiador Facial Ponds Détox Carbón Y Té Con 220 mL,16445
Limpiador Facial Pond's Vitamin Agua De Rosas Con 220 mL,21505
Serum Revitalif Ácido Hialurónico Frasco Con 30 mL,46690
Vitamina C + Zinc 500/15 mg Sabor Mandarina Caja Con 144 Tabletas,72880
Cetaphil Crema Protectora De Manos Frasco Con 50 mL,30113
Cetaphil Limpiador Líquido Para Manos Frasco Con 237 mL,25988
Mascarilla Reusable Negra 3M Caja Con 1 Unidad,7997
Crema Hidratante Revitalift Ácido Hialurónico Frasco Con 50 mL,35595
Agua Micelar Hidratante L'oreal Revitalift Frasco Con 200 mL,18270
Crema Facial Hidratante UV Defender Frasco Con 40 g,33985
Crema Facial Hidratación Intensa UV Defender Frasco Con 40 g,33985
Mascarilla Hidratación Intensa L'oreal Revitalift Empaque Con 1 Unidad,11620
Termómetro Digital Básico Verde Menta Caja Con 1 Unidad,14895
Termómetro Digital Básico Infantil Elefante Caja Con 1 Unidad,17415
Termómetro Digital Infantil Conejo NTI Caja Con 1 Unidad,17415
Antiperspirante Perspirex Original Manos Y Pies Frasco Con 100 mL,55920
Desodorante Perspirex Comfort Roll-On Frasco Con 20 mL,47000
Crema Protectora Acid Mantle Baby Tubo Con 100 g,31720
Acondicionador Bifásico Anian Hair Care Frasco Con 400 mL,24990
Champú Hidra Hialurónico Elvive Frasco Con 370 mL,18120
Prodefen's Fibra Prebiótica Tarro Con 400 g,30558
Inmufort Kids Sabor Naranja Frasco Con 30 Tabletas Masticables,32045
Inmufort Suplemento Caja Con Frasco Con 30 Tabletas Masticables,31875
Acemuk 600 mg Caja Con Tubo Con 10 Tabletas Efervescentes,16555
Crema Procicar Regenerix Caja Con Tubo Con 32 g,56480
Crema Atopeel Corporal Emoliente Frasco Con 200 mL,77588
Cicatricure Contorno De Ojos Y Boca Tubo Con 15 mL,64320
Shampoo Sedal Células Madre Vegetales Frasco Con 340 mL,11700
Protector Solar Asepxia Gen Frasco Con 50 g,29940
Crema Matificante Asepxia Gen Tubo Con 50 g,24900
Asepxia Gel Micelar Frasco Con 200 mL,21060
Gel Micelar Exfoliante Asepxia Gen Tubo Por 100 g,20940
Vitamina C 1000 mg Frasco Con 100 Cápsulas,51705
Tapabocas KN95 Protekta Caja Con 5 Unidades,11920
Crema Facial Pond´s Clarant B3 SPF 30 Frasco Con 45 g,13050
Sérum Anti-Edad Pond's Age Miracle Frasco Con 30 mL,48840
Oferta Pond´s Age Miracle Cremas Día Y Noche 2 Frascos Con 50 g + Joya,72315
Crema Pond´s Age Miracle Día Caja Con 6 Sobres,12040
"Afrin 0,05% Descongestionante Nasal Frasco Con 15 mL",19508
Crema Pond´s Rejuveness FPS 30 Tubo Con 35 g,14850
Muxol Flem Niños Jarabe Caja Con Frasco Con 120 mL,33390
Escilom 10 mg Caja Con 28 Tabletas Recubiertas,138775
Vicitra Z Vit C + Zinc Caja Con 30 Unidades,38880
Crema Fisiogel A.I Piel Seca E Irritada Frasco Con 100 mL,71760
Crema Fisiogel Piel Seca E Irritada Frasco Con 200 mL,130960
Crema Fisiogel A.I. Piel Seca Sensible Frasco Con 50 mL,77600
Serúm Cicatricure Gold Lift Efecto Tensor Frasco Con 27 mL,66640
Crema Cicatricure Eye Cream For Face Caja con Frasco Con 30 g,50200
"Toptear 0,4 % Solución Conjuntival Frasco Con 10 mL",42680
Crema Fisiogel Piel Seca Y Sensible Frasco Con 200 mL,39040
Crema Fisiogel Piel Seca Y Sensible Frasco Con 400 mL,78080
Crema Fisiogel FPS 20 A.I Frasco Con 40 mL,62080
Agua De Rosas Garnier Skin Active Frasco Con 400 mL,18165
Crema Antiarrugas Revitalift Ácido Hialurónico FPS 20 Frasco Con 25 mL,21360
Protector Solar Solor Repair FPS 50 Frasco Con 100 g,68280
